program	status	fuel	raw_hash	sorted_hash	nresults
integration_tests__das__animals.metta	ok	58	e3b0c44298fc1c149afbf4c8996fb92427ae41e4649b934ca495991b7852b855	e3b0c44298fc1c149afbf4c8996fb92427ae41e4649b934ca495991b7852b855	0
integration_tests__das__test.metta	ok	107	49ba5618264c2ecc8f4fe4d135138520f28a3a8300170de73674129ff57fc94b	53de748362f958fab1d6d7a9b13cd4f7c41d685791d75d9cc568000c21898887	1
lib__src__metta__runner__builtin_mods__catalog.metta	ok	4	e3b0c44298fc1c149afbf4c8996fb92427ae41e4649b934ca495991b7852b855	e3b0c44298fc1c149afbf4c8996fb92427ae41e4649b934ca495991b7852b855	0
lib__src__metta__runner__builtin_mods__das.metta	ok	11	e3b0c44298fc1c149afbf4c8996fb92427ae41e4649b934ca495991b7852b855	e3b0c44298fc1c149afbf4c8996fb92427ae41e4649b934ca495991b7852b855	0
lib__src__metta__runner__builtin_mods__fileio.metta	ok	7	e3b0c44298fc1c149afbf4c8996fb92427ae41e4649b934ca495991b7852b855	e3b0c44298fc1c149afbf4c8996fb92427ae41e4649b934ca495991b7852b855	0
lib__src__metta__runner__builtin_mods__json.metta	ok	12	e3b0c44298fc1c149afbf4c8996fb92427ae41e4649b934ca495991b7852b855	e3b0c44298fc1c149afbf4c8996fb92427ae41e4649b934ca495991b7852b855	0
lib__src__metta__runner__builtin_mods__random.metta	ok	7	e3b0c44298fc1c149afbf4c8996fb92427ae41e4649b934ca495991b7852b855	e3b0c44298fc1c149afbf4c8996fb92427ae41e4649b934ca495991b7852b855	0
lib__src__metta__runner__builtin_mods__skel.metta	ok	7	e3b0c44298fc1c149afbf4c8996fb92427ae41e4649b934ca495991b7852b855	e3b0c44298fc1c149afbf4c8996fb92427ae41e4649b934ca495991b7852b855	0
lib__src__metta__runner__environment.default.metta	ok	3	e3b0c44298fc1c149afbf4c8996fb92427ae41e4649b934ca495991b7852b855	e3b0c44298fc1c149afbf4c8996fb92427ae41e4649b934ca495991b7852b855	0
lib__src__metta__runner__init.default.metta	ok	1	e3b0c44298fc1c149afbf4c8996fb92427ae41e4649b934ca495991b7852b855	e3b0c44298fc1c149afbf4c8996fb92427ae41e4649b934ca495991b7852b855	0
lib__src__metta__runner__stdlib__stdlib.metta	ok	302	e3b0c44298fc1c149afbf4c8996fb92427ae41e4649b934ca495991b7852b855	e3b0c44298fc1c149afbf4c8996fb92427ae41e4649b934ca495991b7852b855	0
lib__tests__test_stdlib.metta	ok	48584	3887fb43d49c87dc3b302ee7880b05ff82aeae53dd81d227c00d060adc4b8e6b	698293cdfccfa2f21f12db895077ac187e7b470378d960c6b21a657b782d6165	33
mkdocs.metta	ok	200000	7ac34aba33a2c06d91ee39eb0ad19f0b77d1d2a377a34dd87565c91abe848015	19d61b53f1be62d378a89c0f9a5435bd36ae93f1b25d5a7f726ef44b4d295775	1
python__hyperon__exts__agents__tests__agent.metta	ok	3	e3b0c44298fc1c149afbf4c8996fb92427ae41e4649b934ca495991b7852b855	e3b0c44298fc1c149afbf4c8996fb92427ae41e4649b934ca495991b7852b855	0
python__hyperon__exts__agents__tests__test_0_passive_agents.metta	ok	107	90a77c06d5abab6758732f52124fe6adf04b40e489d824bfd69e9ebd1336142b	a310b987024f5bdc109754bc44f9dccadfd6dee76c10bb5b64fbaabe8c81a5be	1
python__hyperon__exts__agents__tests__test_4_agent1.metta	ok	891	2231c623e54672a23ba78021fb961b3edc5118d989eeb44d55a27b7c148f5b97	958bf80640166deaad6c2941a300b2d12f7217cdfca33be5c912b7f92edfafa9	1
python__hyperon__exts__agents__tests__test_4_agent2.metta	ok	891	2231c623e54672a23ba78021fb961b3edc5118d989eeb44d55a27b7c148f5b97	958bf80640166deaad6c2941a300b2d12f7217cdfca33be5c912b7f92edfafa9	1
python__hyperon__exts__agents__tests__test_4_events.metta	ok	107	90a77c06d5abab6758732f52124fe6adf04b40e489d824bfd69e9ebd1336142b	a310b987024f5bdc109754bc44f9dccadfd6dee76c10bb5b64fbaabe8c81a5be	1
python__hyperon__exts__snet_io__snet__naint__text-generation.metta	ok	587	7ac34aba33a2c06d91ee39eb0ad19f0b77d1d2a377a34dd87565c91abe848015	19d61b53f1be62d378a89c0f9a5435bd36ae93f1b25d5a7f726ef44b4d295775	1
python__hyperon__exts__snet_io__test_snet_call.metta	ok	107	5d0c07f0d906bdae40aa2c6fdbc107ac3d7795d33a761f6089f87d40339a061b	149dc0298066e022b2b65198149fc45d710d3e23af7225c86c86474de35048f3	1
python__hyperon__exts__snet_io__test_snet_meta.metta	ok	107	5d0c07f0d906bdae40aa2c6fdbc107ac3d7795d33a761f6089f87d40339a061b	149dc0298066e022b2b65198149fc45d710d3e23af7225c86c86474de35048f3	1
python__sandbox__bhv_binding__01_example_majority.metta	ok	107	12577e9f73842c41124ba59abf9851bc4932db56995e1b0848ee653b08ec87be	bd7eb37518bde01d746677661049929c2282a939c574f7ae344802d72b21c0ed	1
python__sandbox__bhv_binding__02_example_perm.metta	ok	107	12577e9f73842c41124ba59abf9851bc4932db56995e1b0848ee653b08ec87be	bd7eb37518bde01d746677661049929c2282a939c574f7ae344802d72b21c0ed	1
python__sandbox__bhv_binding__03_example_dict.metta	ok	107	12577e9f73842c41124ba59abf9851bc4932db56995e1b0848ee653b08ec87be	bd7eb37518bde01d746677661049929c2282a939c574f7ae344802d72b21c0ed	1
python__sandbox__bhv_binding__04_example_dollar_of_mexico.metta	ok	107	12577e9f73842c41124ba59abf9851bc4932db56995e1b0848ee653b08ec87be	bd7eb37518bde01d746677661049929c2282a939c574f7ae344802d72b21c0ed	1
python__sandbox__jetta__enum_lambda.metta	ok	107	13d936ebabf3f695c5359be52feaf04624d9f0678b21233ee615b296801adb2c	3102a1ac9a2088de693e3abb5c4aca90771a3003f50e37d256fea623e6eb2c0e	1
python__sandbox__jetta__test_basic_jetta.metta	ok	107	13d936ebabf3f695c5359be52feaf04624d9f0678b21233ee615b296801adb2c	3102a1ac9a2088de693e3abb5c4aca90771a3003f50e37d256fea623e6eb2c0e	1
python__sandbox__jetta__test_expr_compile.metta	ok	107	13d936ebabf3f695c5359be52feaf04624d9f0678b21233ee615b296801adb2c	3102a1ac9a2088de693e3abb5c4aca90771a3003f50e37d256fea623e6eb2c0e	1
python__sandbox__jetta__test_lambda.metta	ok	107	13d936ebabf3f695c5359be52feaf04624d9f0678b21233ee615b296801adb2c	3102a1ac9a2088de693e3abb5c4aca90771a3003f50e37d256fea623e6eb2c0e	1
python__sandbox__jetta__test_nondet.metta	ok	107	13d936ebabf3f695c5359be52feaf04624d9f0678b21233ee615b296801adb2c	3102a1ac9a2088de693e3abb5c4aca90771a3003f50e37d256fea623e6eb2c0e	1
python__sandbox__mork__test_mork.metta	ok	107	c2145bd4b648ac56052b85c22cddfc14f43fbc85c1ec8c935f6c1f5656c67a3b	145f39ddd2f36956cd3d5931f30d6b1069fb060208e5e10a7ebd8e15209cd9ff	1
python__sandbox__neurospace__test_nspace.metta	ok	107	f5ab6d9df4c36eb09f2e31da579c1f51a60531f38f4ea9f6b954b13705f4503f	9aa75d0cc58055f27292bca2234707e6a360c0eec91a1565c55a7049c00f4160	1
python__sandbox__numpy__nm_test.metta	ok	107	dd8a87f4b4f87a8cc92a444d80d79642785d4f32fa9b9892b0e183dbd45ea528	6663825876a8440c57cbb813a8c158d05a4d48f4e2ddf1a78bb4c8b90bf6f035	1
python__sandbox__pytorch__tm_test.metta	ok	107	0e05cb36b9548cee61831b95d8d7d775ffc4d92543b4404947fc5c97cbffba86	d002a331cdd0a05592842e70f109080c0bd8a630afaa4dda321573b129e57e7a	1
python__sandbox__resolve__r.metta	ok	107	2017d671fdc0fe44e998d9c6194f766a3976ca123824f75e6bc61391b9486d6b	ae900c65121a9c5bbfc55f695af277b2e6682dc598f11d66ee3b9a0cddd4d31b	1
python__sandbox__sql_space__sql_space_test.metta	ok	107	0a008c856db0db26e1165bc6fdbd7022e426c1031ef0392e735c88981892ed04	126446d2f467b47b7b59be06e2ef3fd14c3f751468540a897cfcba21686fbef5	1
python__sandbox__test_gnd_conv.metta	ok	1012	8f6f62d35c3973d76fc1cb434217e90df3ed8f6ecaa72594ed447c0b6fa70785	ee1650a1ae81274604ce4c5544aa52d63a3629ce526ae133cfd8cf702d59ec57	5
python__tests__ext_sub__module.metta	ok	107	602159f81cae71a747a440b79e5f94154efd2b6ddd7ccf2335b2e89e143a0968	9d5aca4590ac93967ad47c385adb5a0f4e833706150cd097bfd812423919b6b0	1
python__tests__scripts__a1_symbols.metta	ok	7831	f3b5895fdb1dd745a68bdac41ffc4642be39e48027c1c77f2c6aae7b95f994f8	83583a5229cea218272aeb0526fda6c74fb056f0d989e6a5d6d18fce0510f78e	7
python__tests__scripts__a2_opencoggy.metta	ok	1072	7ac34aba33a2c06d91ee39eb0ad19f0b77d1d2a377a34dd87565c91abe848015	19d61b53f1be62d378a89c0f9a5435bd36ae93f1b25d5a7f726ef44b4d295775	1
python__tests__scripts__a3_twoside.metta	ok	3935	5f66230b206632dbb70c6be84b8b33b84d3922415a480589b8bc0fb2d304bfe1	222b01d1a6df3946aa698ac27728c2453bd328340bd0d3291661e3d06d05a502	4
python__tests__scripts__b0_chaining_prelim.metta	ok	4647	b081a5c954b74c6d47b5efa421a025ea24ad838717a1d6ff60d7f3563e0b397f	f1005025899a0537969e39e1a91f2c806c3c350102d35e05b8ec02830f04359a	5
python__tests__scripts__b1_equal_chain.metta	ok	9604	b5c99b746ed9049620a5ed61636880da77a12bf1b75514d1b1faa4fe37b075e3	696d527373198e9af2a0166958fdd8424bccbee5a126f0e57fe97f2bef9a885a	8
python__tests__scripts__b2_backchain.metta	ok	13704	50f8233143bc5b53f7461498f34f90e6e3dd95422a49fe2cf2db58d473420d40	89410ac81a73a20471f78284d17c1724608f3b6f6585cd469e00f53c434d446f	6
python__tests__scripts__b3_direct.metta	ok	5252	5f66230b206632dbb70c6be84b8b33b84d3922415a480589b8bc0fb2d304bfe1	222b01d1a6df3946aa698ac27728c2453bd328340bd0d3291661e3d06d05a502	4
python__tests__scripts__b4_nondeterm.metta	ok	21921	7897e19866ac767ae7ffe267db29c020e80f85221cece85f79d2530dc67081b2	8297aa0f38346a6c1eb6e778165413288f21ae415c887573a21b1a623b87359c	11
python__tests__scripts__b5_types_prelim.metta	ok	27676	f1af3dc4d8232f5fb884d0e2d16d095827b5906f195f3cc94658f09dcda870d6	da777ecd4b19b2ba6b99b5d290d0d36dffbe1b9a9114e1e9ea03266b2032b228	26
python__tests__scripts__c1_grounded_basic.metta	ok	50794	29d32f8828ac44f8be23d5af09bcae0c61d40c5db7f13a639568ddcfae24c916	d80b015870a4731988fc2b128dff5253a4a4613d938d58cce0f276f268f4f1f0	21
python__tests__scripts__c2_spaces.metta	ok	107	7d249690e0771aa182aafca304c0e1e0bb565480d83b10e369b295c51b869352	31bd1f09c1334d96d77e7196a11a3649cc511f248d4ff323bea6a0f82dcdeeae	1
python__tests__scripts__c2_spaces_kb.metta	ok	15	e3b0c44298fc1c149afbf4c8996fb92427ae41e4649b934ca495991b7852b855	e3b0c44298fc1c149afbf4c8996fb92427ae41e4649b934ca495991b7852b855	0
python__tests__scripts__c3_pln_stv.metta	ok	37788	b081a5c954b74c6d47b5efa421a025ea24ad838717a1d6ff60d7f3563e0b397f	f1005025899a0537969e39e1a91f2c806c3c350102d35e05b8ec02830f04359a	5
python__tests__scripts__d1_gadt.metta	ok	12986	08a61af910920a7471ef70d207a568f323097b6b853009b7c140cb8966d9dd3d	75e2b48b28030fbb958766c8c6e4f21f39e4237d6b9dcfd9703eec2fb45aa0e3	14
python__tests__scripts__d2_higherfunc.metta	ok	36697	b0417586e524af85a3bed74ce7b83b4d8661a9654de58072d244252ac0648f40	91f0cd2d67a77b70c6e38786ae8dbd9b25059e19b7e28862abde07db76ff8982	25
python__tests__scripts__d3_deptypes.metta	ok	9286	b5c99b746ed9049620a5ed61636880da77a12bf1b75514d1b1faa4fe37b075e3	696d527373198e9af2a0166958fdd8424bccbee5a126f0e57fe97f2bef9a885a	8
python__tests__scripts__d4_type_prop.metta	ok	20385	143d6c25564f84da0f8f6a523fd1e3dcd7ee7a1d4500265c4ebc397ba2adc859	516394a8976eb5f0b89732109ad69c3cee35adae3b79b1a937bcd9f11ba5ee7d	18
python__tests__scripts__d5_auto_types.metta	ok	4186	f3b5895fdb1dd745a68bdac41ffc4642be39e48027c1c77f2c6aae7b95f994f8	83583a5229cea218272aeb0526fda6c74fb056f0d989e6a5d6d18fce0510f78e	7
python__tests__scripts__e1_kb_write.metta	ok	3040	38e8aa10e7ea7122260897000169dcc02b6d03f5ffe6624255bd9d2071ce26a3	256c02a6d532b9a79fb80db8f090d51e3aa77b4d43335ff67304577d65763f16	3
python__tests__scripts__e2_states.metta	ok	21627	08a61af910920a7471ef70d207a568f323097b6b853009b7c140cb8966d9dd3d	75e2b48b28030fbb958766c8c6e4f21f39e4237d6b9dcfd9703eec2fb45aa0e3	14
python__tests__scripts__e3_match_states.metta	ok	9561	25199dd84c0332731e4c5676f3968ddcaa894830d35fafe4c3efaf118b1b264a	cbdeb7b6b7bcaf18d1cb719bfe4ff5e40c0925a42baa84f8e7860cef46201dc3	9
python__tests__scripts__f1_imports.metta	ok	1811	fee1a90c4622c4318306621e378314efce37452a56a503883e28d4d240767080	89b9eac23e91e9ab986320a52b63895b4eae9e79a869a1c4e4dc0c6693cdb63c	3
python__tests__scripts__f1_moduleA.metta	ok	107	83893efc87b06bc2434b730e3ff63faba1a734b305ef8e3f8869041c96eb1923	1f82e931a6fdede0c967c3326109d560de1f68ae37caed48796b3628a90711c7	1
python__tests__scripts__f1_moduleB.metta	ok	107	83893efc87b06bc2434b730e3ff63faba1a734b305ef8e3f8869041c96eb1923	1f82e931a6fdede0c967c3326109d560de1f68ae37caed48796b3628a90711c7	1
python__tests__scripts__f1_moduleC.metta	ok	5	e3b0c44298fc1c149afbf4c8996fb92427ae41e4649b934ca495991b7852b855	e3b0c44298fc1c149afbf4c8996fb92427ae41e4649b934ca495991b7852b855	0
python__tests__scripts__g1_docs.metta	ok	1829	c0d193e7da75acc8d164f021ede93eef178584377a7999da5ee61d41bd5d1362	883475fbf95efe1df5432aad83bf3ff1275133a7cccd5a045a3db667d16ee36e	1
python__tests__test_include.metta	ok	132	7ac34aba33a2c06d91ee39eb0ad19f0b77d1d2a377a34dd87565c91abe848015	19d61b53f1be62d378a89c0f9a5435bd36ae93f1b25d5a7f726ef44b4d295775	1
python__tests__test_load.metta	ok	8	e3b0c44298fc1c149afbf4c8996fb92427ae41e4649b934ca495991b7852b855	e3b0c44298fc1c149afbf4c8996fb92427ae41e4649b934ca495991b7852b855	0
repl__src__repl.default.metta	ok	107	28187bd13eea1c5088fa15eb3bc8bc1c55cf64d012b97fdc88ff5e8c0ee35c71	348ae3990a429da466186d750b9dae94ca2f30db74a5a6c8a1d9e51cb2aed6cf	1
