iter	launcher_pid
1	42997
1	43101
1	43008
2	43317
2	43382
2	43329
3	43509
3	43584
3	43521
4	43714
4	43799
4	43726
5	43912
5	43990
5	43924
6	44096
6	44236
6	44107
7	44351
7	44413
7	44363
8	44528
8	44592
8	44540
9	44695
9	44757
9	44707
10	44866
10	44928
10	44878
11	45038
11	45100
11	45050
12	45205
12	45276
12	45217
13	45395
13	45464
13	45407
14	45803
14	45899
14	45815
15	46036
15	46101
15	46048
16	46209
16	46299
16	46222
17	46443
17	46508
17	46454
18	47202
18	47445
18	47215
19	47858
19	48012
19	47870
20	48400
20	48555
20	48412
21	48942
21	49088
21	48954
22	49513
22	49664
22	49526
23	50265
23	50414
23	50278
24	50854
24	51002
24	50867
25	51455
25	51622
25	51470
26	52090
26	52246
26	52103
27	52764
27	52857
27	52776
28	53687
28	53751
28	53699
29	53876
29	53939
29	53888
30	54057
30	54121
30	54068
